AI_Response
"**Step 1: Sentiment Classification**

1. Positive: 45 reviews (Reviews 1, 2, 3, 4, 5, 6, 7, 8, 9, 11, 12, 14, 15, 17, 18, 19, 21, 22, 23, 26, 27, 28, 29, 31, 32, 33, 34, 35, 36, 37, 38, 39, 40, 42, 43, 44, 45, 46, 47, 48, 49, 50)
2. Mixed: 2 reviews (Review 10, 41)
3. Negative: 3 reviews (Review 10, 20, 24)

**Step 2: Identifying Relevant Categories**

- UI/UX: 1 (Review 10 - ""ads interrupt reading"")
- Performance: 1 (Review 41 - ""waste time, needs internet, and calls for info"")
- Bugs: 0
- Features: 43 (Reviews expressing appreciation for content, recipes, health tips, etc.)

**Step 3: One-Sentence Summaries**

1. Review 1: ""10 Best Foods"" list aids self-cooking efforts.
2. Review 2: Assists in maintaining a healthy lifestyle through regular exercise and diet.
3. Review 3: Works well for grocery shopping.
4. Review 4: Best app idea.
5. Review 5: Best way to approach health.
6. Review 6: Amazing for health-related information.
7. Review 7: Anticipating using the app.
8. Review 8: Helpful site for finding healthy foods.
9. Review 9: Positive feedback.
10. Review 10: Useful but requires fixing spelling errors and ad placement.
11. Review 11: Request for adding more health-related food categories.
12. Review 12: G"
"**Step 1: Sentiment Classification**

1. Positive: Review 1, 2, 3, 4, 5, 6, 7, 8, 9, 10, 11, 12, 14, 15, 17, 20, 22, 23, 24, 25, 26, 27, 28, 29, 30, 31, 32, 34, 35, 36, 37, 38, 40, 42, 45, 49
2. Mixed: Review 13 (partially positive, ""Not bad"" but also implies room for improvement)
3. Negative: Review 12, 21, 33, 39 (contains both positive and negative aspects), 43
4. Unclear: Review 16 (""Faltu plz waste ur time"" - negative but not specifically about the product), 44 (positive but context unclear), 46 (negative but vague), 47 (positive but unenthusiastic), 48 (positive but limited in scope), 49 (positive but describes functionality rather than emotional sentiment), 50 (positive but describes usage rather than overall sentiment)

**Step 2: Identify Relevant Categories**

- **UI/UX**: 30, 31 (user-friendliness, ease of use, great experience)
- **Performance**: 2 (no specific performance mention, but general gratitude)
- **Bugs**: 12, 33 (explicit mentions of app not working)
- **Features**: 4, 7, 8, 10, 14, 15, 17, 20, 24, 26, 27, 28, 29, 30, 31, 32, 34, 35, 36, 37, 38, 40, 42, 45 (positive feedback on various features or content)
- **Food/Nutrition Information**: 1, 3, 5, "
"**Step 1: Sentiment Classification**

1. Review 1: Positive
2. Review 2: Positive
3. Review 3: Positive
4. Review 4: Positive
5. Review 5: Positive
6. Review 6: Positive
7. Review 7: Mixed
8. Review 8: Positive
9. Review 9: Positive
10. Review 10: Positive
11. Review 11: Positive
12. Review 12: Positive
13. Review 13: Positive
14. Review 14: Positive
15. Review 15: Positive
16. Review 16: Positive
17. Review 17: Positive
18. Review 18: Positive
19. Review 19: Positive
20. Review 20: Positive
21. Review 21: Positive
22. Review 22: Positive
23. Review 23: Positive
24. Review 24: Mixed (testing phase)
25. Review 25: Positive
26. Review 26: Mixed (technical issue)
27. Review 27: Negative (missing recipe book)
28. Review 28: Positive
29. Review 29: Positive
30. Review 30: Positive
31. Review 31: Positive
32. Review 32: Positive (despite ad interruption)
33. Review 33: Negative (poor description)
34. Review 34: Positive
35. Review 35: Positive
36. Review 36: Positive
37. Review 37: Positive
38. Review 38: Negative (requires internet, calls for info)
39. Review 39: Positive (weight loss success)
40. Review 40: Positive (promoting healthy habits)
41. Review 41: Positive (good health info)
42. Review 42: Positive (sharing valuable info)
43. Review 43: Positive (significant health improvement)
44. Review 44: Positive
45. Review 45: Positive (weight loss)
"
"**Step 1: Sentiment Classification**

1. Positive: Reviews 1, 2, 3, 4, 5, 6, 7, 8, 9, 10, 11, 12, 14, 15, 16, 17, 18, 19, 20, 21, 22, 23, 24, 25, 26, 27, 28, 29, 30, 31, 32, 33, 34, 35, 36, 37, 38, 39, 41, 42, 45, 46, 48, 49, 50
2. Negative: Reviews 9, 28 (mixed but predominantly positive), 38
3. Mixed: Reviews 27 (positive overall but mentions initial skepticism), 38

**Step 2: Identify Relevant Categories**

- UI/UX: Reviews 19, 29, 39 (usability, ease of understanding)
- Performance: Reviews 8, 18 (health benefits)
- Bugs: Reviews 9, 38 (app functionality issues)
- Features: Reviews 11, 12, 20, 21, 26, 27, 30, 32, 33, 34, 36, 37, 40, 41, 42, 43, 44, 45, 46, 47, 48, 49, 50 (various aspects of the app's offerings)

**Step 3: One-Sentence Summaries**

1. Review 1: Expresses appreciation for the helpfulness.
2. Review 2: Conveys strong love and affection for the product.
3. Review 3: Highlights the usefulness of the product.
4. Review 4: Conveys immense love and admiration.
5. Review 5: Points out the product's"
"### Sentiment Classification & Categorization

**Review 1:** Positive (Price concern)
**Review 2:** Positive (Ease of use)
**Review 3:** Mixed (Security concern about job search on iOS)
**Review 4:** Positive (Ease of use)
**Review 5:** Mixed (App UI request for Taiwan's largest human bank)
**Review 6:** Positive (Great)
**Review 7:** Mixed (Neutral sentiment, possibly seeking more information)
**Review 8:** Positive (Very useful)
**Review 9:** Positive (Helpful)
**Review 10:** Positive (Very good job hunt)
**Review 11:** Positive (Easy to use)
**Review 12:** Positive (Nice)
**Review 13:** Positive (Find job easily)
**Review 14:** Positive (Good meeting)
**Review 15:** Positive (Awesome)
**Review 16:** Negative (Concern about English version availability)
**Review 17:** Positive (Rich interface, better usability)
**Review 18:** Positive (Nice)
**Review 19:** Negative (Functionality disparity between web and mobile versions)
**Review 20:** Mixed (Suitable for those understanding modern tech pitfalls)
**Review 21:** Positive (UI/UX improvement on mobile devices)
**Review 22:** Positive (Great for job hunting, easy to use)
**Review 23:** Positive (Convenient and used by many corporations)
**Review 24:** Positive (Easy interface)
**Review 25:** Positive (Simple and easy to use)
**Review 26:** Positive (Easy job finding)
**Review 27:** Positive (Great)
**Review 28:** Mixed (Useful for Chinese speakers, requests English version)
**Review 29:** Negative (Unwanted phone calls after resume submission)
**Review 30:** Positive (Very helpful, user-friendly, brilliant app)
**Review 31:** Positive (Good, very helpful)
**Review 32:** Positive (Very good, convenient, easy to use, beautiful)
**Review 33:** Mixed (Ok, possibly neutral or seeking clarification)
**"
"**Review Sentiment Classification and Analysis**

**Review 1 (com.skplanet.syruppay.cardrecognizedlib):**
- Sentiment: Mixed (contains a technical issue)
- Categories: Performance, Bugs
- Summary: The user reports a problem with forced app termination when trying to view detailed information.

**Review 2 (Nice):**
- Sentiment: Positive
- Categories: UI/UX
- Summary: The user expresses satisfaction with the app.

**Review 3 (best shop):**
- Sentiment: Positive
- Categories: Overall Experience
- Summary: The user finds the app to be the best shop.

**Review 4 (I forgot password can't get new):**
- Sentiment: Negative
- Categories: Account Management, UI/UX
- Summary: The user is frustrated with the password recovery process.

**Review 5 (best):**
- Sentiment: Positive
- Categories: Overall Experience
- Summary: The user highly rates the app as ""best.""

**Review 6 (I love):**
- Sentiment: Positive
- Categories: Overall Experience
- Summary: The user expresses strong affection for the app.

**Review 7 (Force update):**
- Sentiment: Negative
- Categories: Performance, UI/UX
- Summary: The user is unhappy about being forced to update the app.

**Review 8 (She):**
- Sentiment: Inconclusive (insufficient context)
- Categories: N/A
- Summary: Insufficient information to classify sentiment or extract categories.

**Review 9 (Love Nature):**
- Sentiment: Positive
- Categories: Content/Theme (if applicable)
- Summary: The user loves the nature-related aspect of the app.

**Review 10 (Language barrier. I understand Korea. I want English):**
- Sentiment: Negative
- Categories: UI/UX, Localization
- Summary: The user is unhappy with the lack of an English language option.

**Review 11 (Shipping View Flexible View Make it right):**
- Sentiment: Negative
- Categories: UI/UX, Shipping/Delivery
- Summary: The user is unhappy with the shipping/viewing experience and demands improvements.

**Review 12 (0"
"**Step 1: Sentiment Classification**

1. Positive: Reviews 1-30, 41, 43-50
2. Mixed: Review 31 (simple statement with no clear sentiment on product but price)
3. Negative: Review 34 (criticism of functionality), Review 44 (complaint about lens expiration notifications)

**Step 2: Identify Relevant Categories**

- UI/UX: Reviews 1-30, 41, 43-50 (all express ease of use, convenience, and user-friendly interfaces)
- Performance: Reviews 5, 25, 45 (mention exceptional customer service, quick order processing, and reliable shipping)
- Bugs: Review 44 (mentions persistent lens expiration notifications despite correct settings)
- Features: Reviews 11, 20, 33 (highlight specific features like streamlining eye care needs, remembering previous orders, and efficient checkout processes)

**Step 3: One-Sentence Summaries**

1. Review 1: Easy to use.
2. Review 2: Convenient access.
3. Review 3: New user hoping for improved experience over doctor's office.
4. Review 4: Persistent lens expiration notifications despite correct settings.
5. Review 5: Excellent customer service and efficient order resolution.
6. Review 6: Saves time and money, user loves convenience.
7. Review 7: Happy with quick verification and prompt shipping.
8. Review 8: Quick and convenient to find RX and order contacts.
9. Review 9: Fast and easy ordering with savings.
10. Review 10: Convenient, though not the cheapest.
11. Review 11: Streamlines eye care, reliable shipping.
12. Review 12: User-friendly, remembers previous orders.
13. Review 13: Well-designed, easy, and convenient.
14. Review 14: Hassle-free ordering with prescription reminder.
15. Review 15: Convenient but not cost-effective compared to optometrist.
16. Review 16: Fast navigation, no extra ads.
17."
"**Step 1: Sentiment Classification**

1. Positive: 26 reviews (Review 1, 2, 3, 6, 9, 11, 12, 14, 16, 17, 18, 19, 20, 22, 23, 25, 27, 28, 29, 31, 32, 33, 34, 35, 37, 38, 39, 40, 47, 48)
2. Negative: 12 reviews (Review 4, 5, 8, 10, 13, 15, 21, 24, 26, 30, 41, 46)
3. Mixed: 2 reviews (Review 7, 42)

**Step 2: Identify Relevant Categories**

- UI/UX: 4 (Review 8, 13, 20, 41)
- Performance: 5 (Review 5, 45, 46)
- Bugs: 3 (Review 4, 21, 46)
- Features: 19 (Reviews 1, 2, 3, 6, 9, 11, 12, 14, 16, 17, 18, 19, 22, 23, 25, 27, 28, 29, 31, 32, 33, 34, 35, 37, 38, 39)

**Step 3: One-Sentence Summaries**

1. Review 1: Highly recommends product for contact lens wearers, praising reliability of shipping and ease of use.
2. Review 2: Praises easy and convenient use, mentioning the app remembers previous orders.
3. Review 3: Describes product as well-designed and easy to use.
4. Review 4: Assigns 1 star due to intrusive ads appearing every level restart, causing frustration.
5."
"### Step 1: Sentiment Classification

1. **Review 1:** Positive
2. **Review 2:** Positive
3. **Review 3:** Negative
4. **Review 4:** Negative
5. **Review 5:** Positive
6. **Review 6:** Neutral (no sentiment expressed)
7. **Review 7:** Negative
8. **Review 8:** Mixed
9. **Review 9:** Positive
10. **Review 10:** Positive
11. **Review 11:** Positive
12. **Review 12:** Positive
13. **Review 13:** Positive
14. **Review 14:** Positive
15. **Review 15:** Positive
16. **Review 16:** Positive
17. **Review 18:** Positive
19. **Review 19:** Positive
20. **Review 20:** Negative
21. **Review 22:** Positive
22. **Review 23:** Positive
23. **Review 24:** Negative
24. **Review 26:** Mixed
25. **Review 27:** Negative
26. **Review 28:** Mixed
27. **Review 29:** Positive
28. **Review 30:** Mixed
29. **Review 31:** Negative
30. **Review 32:** Negative
31. **Review 33:** Positive
32. **Review 34:** Positive
33. **Review 35:** Positive
34. **Review 36:** Negative
35. **Review 37:** Positive
36. **Review 38:** Negative
37. **Review 39:** Positive
38. **Review 40:** Negative
39. **Review 41:** Negative
40. **Review 42:** Positive
41. **Review 43:** Mixed
42. **Review 44:** Positive
43. **Review 45:** Negative
44. **Review 46:** Positive
45. **Review 47:** Positive
46. **Review 48:** Negative
47. **Review 49:** Positive
48."
"**Step 1: Sentiment Classification**

Review 1: Positive
Review 2: Mixed
Review 3: Positive
Review 4: Positive
Review 5: Negative
Review 6: Positive
Review 7: Negative
Review 8: Positive
Review 9: Positive
Review 10: Mixed
Review 11: Negative
Review 12: Positive
Review 13: Positive
Review 14: Negative
Review 15: Negative
Review 16: Mixed
Review 17: Negative
Review 18: Negative
Review 19: Positive
Review 20: Negative
Review 21: Negative
Review 22: Negative
Review 23: Positive
Review 24: Positive
Review 25: Positive
Review 26: Negative
Review 27: Positive
Review 28: Negative
Review 29: Mixed
Review 30: Negative
Review 31: Negative
Review 32: Mixed (updated to positive in new review)
Review 33: Mixed
Review 34: Positive
Review 35: Negative
Review 36: Mixed
Review 37: Positive
Review 38: Negative
Review 39: Positive
Review 40: Positive
Review 41: Positive (duplicate of Review 1)
Review 42: Negative (duplicate of Review 2)
Review 43: Positive (duplicate of Review 3)
Review 44: Positive (duplicate of Review 4)
Review 45: Negative (duplicate of Review 5)
Review 46: Positive (duplicate of Review 6)
Review 47: Negative (duplicate of Review 7)
Review 48: Positive
Review 49: Positive (duplicate of Review 8)
Review 50: Positive (duplicate of Review 9)

**Step 2: Category Identification**

- UI/UX: 2, 17, 28, 32 (post-update), 39 (pre-update)
- Performance: 5, 10, 19, 26, 27, 30, 35, 45
- Bugs"
"**Review 1:** Sentiment: Negative; Categories: Performance, Bugs; Summary: The app has frequent glitches preventing access to journal parts content.

**Review 2:** Sentiment: Negative; Categories: UI/UX, Performance; Summary: The reviewer appreciates the permission change but dislikes the loud auto-play feature during meditation sessions, consuming data without notice.

**Review 3:** Sentiment: Positive; Categories: Features, Weight Loss; Summary: The user praises the meditation sessions and the accountability feature for weight loss, wishing for an option to keep expired content.

**Review 4:** Sentiment: Positive; Categories: User Experience, Member Quality; Summary: The reviewer loves the dating app for its simple, direct functions and the active Chinese-English speaking members they've interacted with.

**Review 5:** Sentiment: Positive; Categories: User Experience, Customer Service; Summary: The user expresses satisfaction with the dating app, especially for its quality, user-oriented functions, localized approach, and responsive customer service.

**Review 6:** Sentiment: Mixed; Categories: Features, Monetization; Summary: Users appreciate the app but are frustrated by the necessity to pay for VIP status to send messages.

**Review 7:** Sentiment: Negative; Categories: Monetization, User Experience; Summary: The reviewer strongly criticizes the VIP system, calling it a scam and wasting money.

**Review 8:** Sentiment: Negative; Categories: Performance, Monetization; Summary: The reviewer is extremely dissatisfied with the app's functionality, stating it wastes time and demands payment for basic messaging.

**Review 9:** Sentiment: Positive; Categories: User Experience, Member Quality; Summary: The user enjoys the dating app for its friendly members, detailed personal information, and ease of use, facilitating offline meetups.

**Review 10:** Sentiment: Positive; Categories: User Experience; Summary: The reviewer is happy with the platform and looks forward to making friends.

**Review 11:** Sentiment: Mixed; Categories: Features; Summary: While generally positive, the user expresses a desire for more control over match duration and country-specific filtering.

**Review 12-20:** Sent"
"### Step 1: Sentiment Classification

1. **Negative**: 7, 9, 13, 21, 25
2. **Mixed**: 2, 10, 12, 24
3. **Positive**: 1, 3, 4, 5, 6, 8, 11, 14, 16, 17, 18, 20, 22, 26, 27, 28, 29, 30, 31, 33, 34, 35, 36, 37, 38, 39, 40, 41, 42, 43, 44, 46, 47, 48, 49, 50

### Step 2: Identify Relevant Categories

- **UI/UX**: 1, 11, 17, 22, 28, 31
- **Performance**: 3, 9, 13, 21, 24
- **Bugs**: 7, 9, 13, 21, 25
- **Features**: 2, 8, 10, 12, 16, 20, 26
- **Navigation**: 4, 14, 24
- **Offline Mode**: 5, 27
- **Location Accuracy**: 15

### Step 3: One-Sentence Summaries

1. **Negative**: Review 1 suggests improving location search suggestions.
2. **Mixed**: Review 2 expresses desire to add Abu Dhabi to the map.
3. **Positive**: Review 3 notes previous better battery consumption.
4. **Positive**: Review 4 praises helpfulness in unfamiliar cities.
5. **Positive**: Review 5 thanks 2GIS for making life easier.
6. **Positive**: Review 6 highlights constant usefulness for finding locations.
7. **Neutral**: Review 7 offers no feedback.
8. **Positive**: Review 8 wishes for world country maps.
9. **Negative**: Review 9 reports high app intensity"
"**Review Sentiment and Categorization:**

1. **Review 1:** Positive - ""Great loving""
   - **Category:** UI/UX (implied positive experience)
   - **Summary:** User expresses strong positive sentiment about the app.

2. **Review 2:** Positive - ""Good fun!""
   - **Category:** Mixed (fun aspect positive, no specific feature mentioned)
   - **Summary:** User finds the app enjoyable.

3. **Review 3:** Mixed - ""Simple""
   - **Category:** UI/UX (simplicity is appreciated)
   - **Summary:** User notes the simplicity of the app as a positive.

4. **Review 4:** Positive - ""Awesome""
   - **Category:** Overall Experience (no specific feature mentioned)
   - **Summary:** User strongly approves of the app.

5. **Review 5:** Positive - ""Good""
   - **Category:** Mixed (positive but lacks detail)
   - **Summary:** User has a favorable view of the app.

6. **Review 6:** Positive - ""It's really great app! I found girlfriend using 2RedBeans! My life much better...""
   - **Category:** Success in finding a partner, Positive overall experience
   - **Summary:** User praises the app for successfully connecting them with a partner, significantly improving their life.

7. **Review 7:** Negative - ""I hate takes requirements send message""
   - **Category:** Performance/Usability (communication issues)
   - **Summary:** User expresses dissatisfaction with the messaging process.

8. **Review 8:** Mixed - ""This ladies find partner. When men try make friends ladies, 5% lady reply chat.""
   - **Category:** Success Rate (negative on interaction with potential partners)
   - **Summary:** User reports low responsiveness from female users to male initiators.

9. **Review 9:** Positive - ""Amazing app, easy intuitive. found half 2RedBeans. highly recommend!""
   - **Category:** Overall Experience, Ease of Use
   - **Summary:** User highly recommends the app for its intuitive design and success in finding matches.

10. **Review 10:** Positive - ""It's good full real people""
    - **Category:** Authenticity/Quality"
"**Step 1: Sentiment Classification**

1. Review 1: Negative
2. Review 2: Negative
3. Review 3: Mixed
4. Review 4: Positive
5. Review 5: Negative
6. Review 6: Negative
7. Review 7: Negative
8. Review 8: Positive
9. Review 9: Positive
10. Review 10: Mixed
11. Review 11: Positive
12. Review 12: Positive
13. Review 13: Positive
14. Review 14: Positive
15. Review 15: Positive
16. Review 16: Negative
17. Review 17: Positive
18. Review 18: Positive
19. Review 19: Positive
20. Review 20: Positive
21. Review 21: Positive
22. Review 22: Positive
23. Review 23: Positive
24. Review 24: Mixed
25. Review 25: Negative
26. Review 26: Positive
27. Review 27: Positive
28. Review 28: Positive
29. Review 29: Positive
30. Review 30: Mixed
31. Review 31: Positive
32. Review 32: Positive
33. Review 33: Positive
34. Review 34: Negative
35. Review 35: Positive
36. Review 36: Positive
37. Review 37: Mixed
38. Review 38: Positive
39. Review 39: Mixed
40. Review 40: Positive
41. Review 41: Positive
42. Review 42: Positive
43. Review 43: Negative
44. Review 44: Neutral
45. Review 45: Positive
46. Review 46: Positive
47. Review 47: Neutral
48. Review 48: Positive
49. Review 49: Positive
50. Review 50: Neutral

**Step 2: Identify Relevant"
"**Step 1: Sentiment Classification**

1. Review 1: Positive
2. Review 2: Mixed (Positive aspect of making one think)
3. Review 3: Positive
4. Review 4: Positive
5. Review 5: Positive
6. Review 6: Positive
7. Review 7: Mixed (Positive use of time but could imply boredom)
8. Review 8: Positive
9. Review 9: Positive
10. Review 10: Negative
11. Review 11: Positive
12. Review 12: Negative
13. Review 13: Mixed (Negative feedback with suggestion for improvement)
14. Review 14: Positive
15. Review 16: Positive (implies keeping one occupied)
16. Review 17: Positive
17. Review 18: Positive
18. Review 19: Positive
19. Review 20: Mixed (Positive about gameplay but with a constructive criticism)
20. Review 21: Mixed (Positive about collection but negative about resolution)
21. Review 22: Negative
22. Review 23: Mixed (Positive about wallpapers but negative about ads)
23. Review 24: Positive (suggestion for improvement)
24. Review 25: Positive
25. Review 26: Positive
26. Review 27: Positive
27. Review 28: Positive
28. Review 29: Mixed (Negative connotation, but unclear without context)
29. Review 30: Negative (criticizes user-friendliness for tenants)
30. Review 31: Negative (detailed complaint about user experience and ad-oriented design)
31. Review 32: Negative (complaint about search functionality)
32. Review 33: Negative (issue with map mode functionality)
33. Review 34: Negative (frustration with setup process)
34. Review 35: Negative (expression of dissatisfaction)
35. Review 36: Negative (refusal to grant app permission)
36. Review 37: Negative (lack of English language option)"
"**Step 1: Sentiment Classification**

1. Review 1: Positive
2. Review 2: Negative
3. Review 3: Positive
4. Review 4: Mixed (Positive aspects: helpful app, good features; Negative aspects: bugs, glitches)
5. Review 5: Positive
6. Review 6: Mixed (Negative aspects: glitchy, fewer features)
7. Review 7: Positive
8. Review 8: Positive
9. Review 9: Negative (strongly critical, mentions lack of empathy, misinformation)
10. Review 10: Negative (buggy, pushy about paid therapist app)
11. Review 11: Positive
12. Review 12: Negative (crashes frequently, abandoned development)
13. Review 13: Mixed (Positive aspects: good app; Negative aspects: often crashes, abruptly closes)
14. Review 14: Positive (despite constant crashes, it works great intermittently)
15. Review 15: Negative (pointless to download, no value after free trial)
16. Review 16: Mixed (enjoy the app but crashes frequently)
17. Review 17: Negative (unable to open for a week)
18. Review 18: Negative (disappointment over misleading free trial, wants ad-free option)
19. Review 19: Negative (dissatisfaction with changes over time, used to be free)
20. Review 20: Negative (misleading about being completely free)
21. Review 21: Positive
22. Review 22: Positive (suitable for busy professionals)
23. Review 23: Mixed (Positive aspects: tailored workouts; Negative aspects: lack of video previews)
24. Review 24: Positive (simple, well-illustrated, and considering ad-free version)
25. Review 25: Positive (highly motivating and easy to use)
26. Review 26: Suggestion (wants more detailed timing options)
27. Review 27: Positive (great for quick activity breaks)
28. Review 28"
"**Review 1:** Sentiment - Negative; Categories - Bugs, Coin Loss; Summary - The player lost 1.5 million coins after an update and is frustrated, hoping for a fix to regain their rank.

**Review 2:** Sentiment - Positive; Categories - Performance, Gift Request; Summary - The player expresses enjoyment of the game and encounters issues with requesting gifts, which they managed to resolve by restarting their phone.

**Review 3:** Sentiment - Negative; Categories - Gameplay, Maintenance; Summary - The player finds the game boring due to excessive hacking and criticizes its poor maintenance.

**Review 4:** Sentiment - Mixed; Categories - Features, Gameplay; Summary - The player loves the game's concept but wishes for more realistic features like stripe breaks and expresses frustration about losing to random shots.

**Review 5:** Sentiment - Positive; Categories - Gameplay, User Skill; Summary - The player enjoys the game and believes that mastering controls is key to success, dismissing complaints about the game being difficult as individual fault.

**Review 6:** Sentiment - Mixed; Categories - Club System, Attention; Summary - The player loves the game but is disappointed with the introduction of clubs and the lack of attention to player feedback.

**Review 7:** Sentiment - Positive; Categories - Addictiveness, In-app Purchases; Summary - The player and their girlfriend enjoy the game but find the reward system for watching videos frustratingly inconsistent.

**Review 8:** Sentiment - Negative; Categories - Performance, Realism; Summary - The player compares the game unfavorably to real pool, citing issues with performance and realism.

**Review 9:** Sentiment - Negative; Categories - Fairness, Bugs; Summary - The player accuses the game of being rigged, citing losses in critical moments and inconsistent game shutting.

**Review 10:** Sentiment - Negative; Categories - Rewards, Fairness; Summary - The player feels cheated by the daily spin, claiming they've never won significant rewards despite numerous attempts.

**Review 11:** Sentiment - Mixed; Categories - Coin System, Progress; Summary -"
"### Review Classifications and Summaries

**Review 1 (Negative)**
- **Sentiment:** Negative
- **Categories:** Rewards, Offers
- **Summary:** The user is frustrated with unsuccessful reward claims and persistent issues with obtaining free cash offers.

**Review 2 (Negative)**
- **Sentiment:** Negative
- **Categories:** Performance, Lags, Bugs
- **Summary:** The player reports multiple technical issues including automatic money deductions, lag, and inconsistent gameplay elements like automatic timeouts.

**Review 3 (Negative)**
- **Sentiment:** Negative
- **Categories:** Purchases, Bugs, Coins
- **Summary:** The user complains about failed purchases, disappearing coins, and a request for a refund or resolution.

**Review 4 (Mixed)**
- **Sentiment:** Mixed
- **Categories:** Gameplay, Rewards, Spin Wheel
- **Summary:** While acknowledging the game's addictive nature and entertainment value, the player criticizes the unfairness of the spin wheel and disappearing coins.

**Review 5 (Positive, Suggestion)**
- **Sentiment:** Positive
- **Categories:** Features, Tournaments
- **Summary:** The user appreciates the game but suggests adding voice chat and the option to watch live tournaments to enhance engagement.

**Review 6 (Positive, Suggestion)**
- **Sentiment:** Positive
- **Categories:** Features, Prizes
- **Summary:** The player enjoys the new clubs and prizes but suggests more varied and customizable rewards.

**Review 7 (Negative)**
- **Sentiment:** Negative
- **Categories:** Monetization, Hacker Accusations
- **Summary:** The user accuses the game of being a money-making scam, claiming it exploits players and encourages high-stakes play.

**Review 8 (Negative)**
- **Sentiment:** Negative
- **Categories:** Performance, Bugs
- **Summary:** The player reports a bug where the game incorrectly declares a timeout even when a shot is made successfully.

**Review 9 (Negative)**
- **Sentiment:** Negative
- **Categories:** Cue Collection, Frustration
- **Summary:** The user is annoyed"
"**Review Analysis:**

**Review 1:** Sentiment - Positive; Categories - UI/UX, Gameplay; Summary - The player enjoys the realistic pool experience and dismisses control complaints as individual issues, suggesting the gameplay mechanics are intuitive.

**Review 2:** Sentiment - Negative; Categories - Performance, Fairness; Summary - The player accuses the game of being rigged, particularly during critical moments, leading to lost matches and a vow never to play again.

**Review 3:** Sentiment - Negative; Categories - Performance, Servers; Summary - The player from Iran reports persistent server connection issues, affecting gameplay, and requests better servers for Iranian players.

**Review 4:** Sentiment - Negative; Categories - Game Mechanics, Coin System; Summary - The player criticizes the game for a confusing coin system and the illogical need to recharge a cue with in-game currency.

**Review 5:** Sentiment - Negative; Categories - Progress Loss; Summary - The player expresses frustration over losing 1.5 million coins due to updates and vows to restart progress if the 8-ball issue is resolved.

**Review 6:** Sentiment - Mixed; Categories - Account Management, Features; Summary - The player loves the game but is frustrated with the complexity of account deactivation, name change, and gift request processes, hoping for improvements in these areas.

**Review 7:** Sentiment - Negative; Categories - Monetization, Bugs; Summary - The player accuses the game of exploitative monetization tactics and unfair coin transactions, demanding a glitch fix.

**Review 8:** Sentiment - Positive; Categories - Gameplay; Summary - The player enjoys the game despite poor sportsmanship from some players, advocating for a block feature for poorly behaved opponents.

**Review 9:** Sentiment - Positive; Categories - Gameplay, Monetization; Summary - The player praises the game for its realism and suggests adding bigger bonuses for purchase to enhance the gaming experience.

**Review 10:** Sentiment - Positive; Categories - Overall Experience; Summary - The player expresses love for the game and regrets not giving it a higher rating initially, hoping for"
"**Review 1:** Sentiment - Positive. Category - Gameplay, Engagement. Summary - The user expresses intense enjoyment and addiction, comparing it favorably to Candy Crush.

**Review 2:** Sentiment - Negative. Category - Fairness, Game Mechanics. Summary - The user reports unfair gameplay with fixed outcomes and fake players, detracting from an otherwise enjoyable experience.

**Review 3:** Sentiment - Negative. Category - Performance, Bugs. Summary - The user is dissatisfied due to frequent lag and freezing issues that hinder gameplay.

**Review 4:** Sentiment - Negative. Category - Monetization, Bugs. Summary - The reviewer complains about the game taking coins unfairly and requests bug fixes to improve game balance.

**Review 5:** Sentiment - Mixed. Category - Social Integration, Features. Summary - The user appreciates the game's features but is frustrated by the lack of integration with Facebook and Google accounts.

**Review 6:** Sentiment - Mixed. Category - Difficulty, Rewards. Summary - The game is fun, but the high cost to progress and slow coin accumulation are seen as drawbacks.

**Review 7:** Sentiment - Negative. Category - UI/UX. Summary - The user is displeased with the lack of full-screen support and rotation screen functionality.

**Review 8:** Sentiment - Positive. Category - Monetization, Game Design. Summary - The reviewer acknowledges pay-to-win aspects but appreciates the game's engaging nature and suggests fairer pay-to-win implementations.

**Review 9:** Sentiment - Positive. Category - Gameplay, Engagement. Summary - The game is described as intensely addictive and challenging when boredom strikes.

**Review 10:** Sentiment - Negative. Category - Game Mechanics. Summary - The reviewer criticizes the opponent selection logic and compulsive purchase prompts.

**Review 11:** Sentiment - Neutral/Request. Category - Features. Summary - The user requests the inclusion of a Honduran cue, suggesting it might require a considerable investment in-game currency.

**Review 12:** Sentiment - Negative. Category - Game Balance. Summary - The"
"**Step 1: Sentiment Classification**

1. Review 1: Positive
2. Review 2: Positive
3. Review 3: Mixed
4. Review 4: Positive
5. Review 5: Negative
6. Review 6: Positive
7. Review 7: Negative
8. Review 8: Negative
9. Review 9: Negative

**Step 2: Relevant Categories**

1. UI/UX: Reviews 3, 7, 8
2. Performance: Reviews 5, 8
3. Bugs: Reviews 3, 5, 8, 9
4. Features: Reviews 1, 2, 4, 6, 7

**Step 3: One-sentence Summaries**

1. Review 1: The game is enjoyable, with an engaging club addition; bigger bonuses would enhance it.
2. Review 2: The reviewer loves the game but expresses disappointment with the new club feature requiring separate memberships.
3. Review 3: The game improves slowly; annoyance with frequent daily deal pop-ups persists despite the option to turn them off/on.
4. Review 4: Positive experience with the game, despite initial issues with gift requests that were resolved after restarting the phone.
5. Review 5: The game became boring and unfair due to hacking issues and a perceived poorly maintained app.
6. Review 6: An addictive and enjoyable game, but frustration arises from not consistently receiving free money through video ads.
7. Review 7: Disappointment with the spin wheel feature, perceived as rigged, and inconsistent wait times for opening pro boxes.
8. Review 8: Game cuts during play, causing match loss, and the realism compared to playing actual BCA pool is poor.
9. Review 9: Frustration over never winning the top prize on the daily spin, feeling cheated and unfairly treated."
